Workbook

Sheet __FDSCACHE__
B1: This sheet contains FactSet XML data for use with this workbook's =FDS codes. Modifying the worksheet's contents may damage the workbook's =FDS functionality.

Sheet FILTER1
A1: ETF | B1: COUNTRY | C1: CATEGORY | D1: CURRENT_RETURNS | E1: MEAN | F1: STD_DEV | G1: 2_SIGMA | H1: CURRENT_PRICE | I1: 200 DMA
A2: {=IFERROR(TRANSPOSE(_xlfn._xlws.FILTER(MONTHLY_RETURNS!B64:AI64, MONTHLY_RETURNS!$B$73:$AI$73=1)),"")} | B2: {=IFERROR(TRANSPOSE(_xlfn._xlws.FILTER(MONTHLY_RETURNS!B65:AI65, MONTHLY_RETURNS!$B$73:$AI$73=1)),"")} | C2: {=IFERROR(TRANSPOSE(_xlfn._xlws.FILTER(MONTHLY_RETURNS!B66:AI66, MONTHLY_RETURNS!$B$73:$AI$73=1)),"")} | D2: {=IFERROR(TRANSPOSE(_xlfn._xlws.FILTER(MONTHLY_RETURNS!B67:AI67, MONTHLY_RETURNS!$B$73:$AI$73=1)),"")} | E2: {=IFERROR(TRANSPOSE(_xlfn._xlws.FILTER(MONTHLY_RETURNS!B68:AI68, MONTHLY_RETURNS!$B$73:$AI$73=1)),"")} | F2: {=IFERROR(TRANSPOSE(_xlfn._xlws.FILTER(MONTHLY_RETURNS!B69:AI69, MONTHLY_RETURNS!$B$73:$AI$73=1)),"")} | G2: {=IFERROR(TRANSPOSE(_xlfn._xlws.FILTER(MONTHLY_RETURNS!B70:AI70, MONTHLY_RETURNS!$B$73:$AI$73=1)),"")} | H2: {=IFERROR(TRANSPOSE(_xlfn._xlws.FILTER(MONTHLY_RETURNS!B71:AI71, MONTHLY_RETURNS!$B$73:$AI$73=1)),"")} | I2: {=IFERROR(TRANSPOSE(_xlfn._xlws.FILTER(MONTHLY_RETURNS!B72:AI72, MONTHLY_RETURNS!$B$73:$AI$73=1)),"")}

Sheet FILTER2
A1: ETF | B1: COUNTRY | C1: CATEGORY | D1: CURRENT_RETURNS | E1: MEAN | F1: STD_DEV | G1: 2_SIGMA | H1: CURRENT_PRICE | I1: 200 DMA
A2: {=IFERROR(TRANSPOSE(_xlfn._xlws.FILTER(MONTHLY_RETURNS!B64:AI64, MONTHLY_RETURNS!$B$74:$AI$74=1)),"")} -> GREK | B2: {=IFERROR(TRANSPOSE(_xlfn._xlws.FILTER(MONTHLY_RETURNS!B65:AI65, MONTHLY_RETURNS!$B$74:$AI$74=1)),"")} -> Greece | C2: {=IFERROR(TRANSPOSE(_xlfn._xlws.FILTER(MONTHLY_RETURNS!B66:AI66, MONTHLY_RETURNS!$B$74:$AI$74=1)),"")} -> EMERGING | D2: {=IFERROR(TRANSPOSE(_xlfn._xlws.FILTER(MONTHLY_RETURNS!B67:AI67, MONTHLY_RETURNS!$B$74:$AI$74=1)),"")} -> -0.12808037 | E2: {=IFERROR(TRANSPOSE(_xlfn._xlws.FILTER(MONTHLY_RETURNS!B68:AI68, MONTHLY_RETURNS!$B$74:$AI$74=1)),"")} -> 0.021749477 | F2: {=IFERROR(TRANSPOSE(_xlfn._xlws.FILTER(MONTHLY_RETURNS!B69:AI69, MONTHLY_RETURNS!$B$74:$AI$74=1)),"")} -> 0.063601038 | G2: {=IFERROR(TRANSPOSE(_xlfn._xlws.FILTER(MONTHLY_RETURNS!B70:AI70, MONTHLY_RETURNS!$B$74:$AI$74=1)),"")} -> 0.12720208 | H2: {=IFERROR(TRANSPOSE(_xlfn._xlws.FILTER(MONTHLY_RETURNS!B71:AI71, MONTHLY_RETURNS!$B$74:$AI$74=1)),"")} -> 65.5422 | I2: {=IFERROR(TRANSPOSE(_xlfn._xlws.FILTER(MONTHLY_RETURNS!B72:AI72, MONTHLY_RETURNS!$B$74:$AI$74=1)),"")} -> 64.483438
A3: UAE | B3: United Arab Emirates | C3: EMERGING | D3: -0.12103081 | E3: 0.010758024 | F3: 0.064627512 | G3: 0.12925502 | H3: 19.1 | I3: 19.533789

Sheet MONTHLY_RETURNS
B1: CNYA | C1: ECH | D1: EIDO | E1: EPHE | F1: EPOL | G1: EPU | H1: EWM | I1: EWT | J1: EWW | K1: EWY | L1: EWZ | M1: EZA | N1: GREK | O1: INDA | P1: MCHI | Q1: QAT | R1: SET-BKK | S1: TUR | T1: UAE | U1: VNM | V1: KSA | W1: ENZL | X1: EWA | Y1: EWC | Z1: EWG | AA1: EWJ | AB1: EWL | AC1: EWU | AD1: QQQ | AE1: SPY | AF1: EWQ | AG1: EWN | AH1: EWD | AI1: EWI
A2: {=_xll.FDS(C1,"JULIAN(FG_TOTAL_RETURNC(-5AY,0,AM).dates)")} -> 44260 | B2: {=_xll.FDS(B1,"FG_TOTAL_RETURNC(-5AY,0,AM)")/100} -> -0.059095917 | C2: {=_xll.FDS(C1,"FG_TOTAL_RETURNC(-5AY,0,AM)")/100} -> 0.039871335 | D2: {=_xll.FDS(D1,"FG_TOTAL_RETURNC(-5AY,0,AM)")/100} -> -0.039815605 | E2: {=_xll.FDS(E1,"FG_TOTAL_RETURNC(-5AY,0,AM)")/100} -> -0.024644494 | F2: {=_xll.FDS(F1,"FG_TOTAL_RETURNC(-5AY,0,AM)")/100} -> -0.03340292 | G2: {=_xll.FDS(G1,"FG_TOTAL_RETURNC(-5AY,0,AM)")/100} -> -0.010714352 | H2: {=_xll.FDS(H1,"FG_TOTAL_RETURNC(-5AY,0,AM)")/100} -> -0.0032680035 | I2: {=_xll.FDS(I1,"FG_TOTAL_RETURNC(-5AY,0,AM)")/100} -> 0.0010348558 | ... AI2: {=_xll.FDS(AI1,"FG_TOTAL_RETURNC(-5AY,0,AM)")/100} -> -0.005921066
A3: 44292 | B3: -0.016639292 | C3: 0.060606003 | D3: -0.043649077 | E3: -0.033041775 | F3: 0.032937288 | G3: -0.0074422956 | H3: -0.00400728 | I3: 0.04341829 | J3: 0.09038472 | K3: 0.033142328 | L3: 0.029099703 | M3: 0.07087755 | N3: 0.0531832 | O3: -0.012444198 | P3: -0.014555752 | Q3: 0.03829205 | R3: 0.02302301 | S3: -0.13876814 | T3: 0.018237114 | U3: 0.045197725 | V3: 0.09568083 | W3: -0.01543355 | X3: 0.0035785437 | Y3: 0.048338413 | Z3: 0.06982541 | AA3: 0.011150122 | AB3: 0.04781699 | AC3: 0.01886189 | AD3: 0.073052406 | AE3: 0.06209731 | AF3: 0.042714953 | AG3: 0.09222639 | AH3: 0.073130846 | AI3: 0.05625415
A4: 44322 | B4: -0.00047665834 | C4: -0.02915454 | D4: 0.0041077137 | E4: -0.029815793 | F4: 0.053319454 | G4: -0.10749263 | H4: 0.0010973215 | I4: 0.0404557 | J4: 0.025132298 | K4: 0.0031535625 | L4: 0.090132475 | M4: -0.0048666596 | N4: 0.06561005 | O4: 0.0033285618 | P4: -0.036926746 | Q4: 0.038317919 | R4: -0.004906118 | S4: 0.0016827583 | T4: 0.021641731 | U4: 0.019459486 | V4: 0.026827216 | W4: 0.049773693 | X4: 0.04833591 | Y4: 0.048703074 | Z4: 0.015151501 | AA4: -0.002901852 | AB4: 0.036375642 | AC4: 0.048948884 | AD4: 0.0020856857 | AE4: 0.031887174 | AF4: 0.06172836 | AG4: 0.021899343 | AH4: 0.035053372 | AI4: 0.013784528
A5: 44351 | B5: 0.07606113 | C5: -0.12012011 | D5: 0.023181796 | E5: 0.09081495 | F5: 0.13449133 | G5: 0.08840132 | H5: 0.0021921396 | I5: 0.01301384 | J5: 0.042150497 | K5: 0.016802192 | L5: 0.12591195 | M5: 0.070031285 | N5: 0.011414766 | O5: 0.07535541 | P5: 0.022881866 | Q5: -0.007517755 | R5: 0.025205016 | S5: -0.038219213 | T5: 0.07742882 | U5: 0.06733823 | V5: 0.04612112 | W5: -0.035714269 | X5: 0.034769416 | Y5: 0.05001378 | Z5: 0.040183783 | AA5: 0.012078047 | AB5: 0.05254209 | AC5: 0.020341039 | AD5: 0.012337446 | AE5: 0.0084234476 | AF5: 0.036205053 | AG5: 0.029466271 | AH5: 0.037442088 | AI5: 0.054079056
A6: 44383 | B6: -0.048967123 | C6: -0.044789257 | D6: -0.09111232 | E6: -0.019334078 | F6: -0.05475646 | G6: -0.17425251 | H6: -0.04634416 | I6: 0.00924325 | J6: -0.0090100765 | K6: -0.015778303 | L6: -0.066069784 | M6: -0.10831839 | N6: -0.065663457 | O6: -0.029735446 | P6: -0.05078644 | Q6: -0.0008806586 | R6: -0.01247263 | S6: -0.037709415 | T6: -0.017527819 | U6: 0.011922598 | V6: 0.014831066 | W6: -0.0093138814 | X6: -0.04457271 | Y6: -0.016753793 | Z6: -0.034363568 | AA6: -0.020034015 | AB6: 0.0038309097 | AC6: -0.021262884 | AD6: 0.07450843 | AE6: 0.027840972 | AF6: -0.030349255 | AG6: -0.032465637 | AH6: -0.030450046 | AI6: -0.04062766
A7: 44414 | B7: -0.011435211 | C7: -0.035247147 | D7: 0.0054107904 | E7: -0.0763731 | F7: 0.0097448826 | G7: -0.07217729 | H7: -0.03351736 | I7: 0.0041912794 | J7: 0.02497375 | K7: -0.020905554 | L7: -0.019827843 | M7: -0.0028968453 | N7: 0.011713028 | O7: 0.038190365 | P7: -0.097663765 | Q7: 0.005795598 | R7: -0.043803396 | S7: 0.04626167 | T7: 0.02285707 | U7: -0.02749145 | V7: 0.026869416 | W7: 0.0050406456 | X7: 0.02093029 | Y7: 0.0040172338 | Z7: 0.009590268 | AA7: 0.0023647547 | AB7: 0.027680874 | AC7: 0.012488604 | AD7: 0.021821737 | AE7: 0.02208209 | AF7: 0.039627671 | AG7: 0.050603867 | AH7: 0.03316927 | AI7: 0.02103293
A8: 44442 | B8: 0.0037771463 | C8: 0.07683623 | D8: 0.05479443 | E8: 0.071780443 | F8: 0.076746345 | G8: 0.014860868 | H8: 0.07874334 | I8: 0.014067054 | J8: 0.030303001 | K8: -0.029759943 | L8: -0.045781255 | M8: 0.020958781 | N8: 0.051012993 | O8: 0.08824182 | P8: 0.019241691 | Q8: 0.0309062 | R8: 0.08322823 | S8: 0.06878078 | T8: 0.039804459 | U8: 0.019687057 | V8: 0.026660085 | W8: 0.047888637 | X8: 0.0075930357 | Y8: 0.016270876 | Z8: 0.010938287 | AA8: 0.05883217 | AB8: 0.012370348 | AC8: 0.006919384 | AD8: 0.036734223 | AE8: 0.023932695 | AF8: -0.0015349388 | AG8: 0.06382549 | AH8: 0.0082850456 | AI8: 0.0030294657
A9: 44475 | B9: -0.017874002 | C9: -0.13116473 | D9: 0.067254186 | E9: 0.015430093 | F9: -0.02646184 | G9: -0.010833085 | H9: -0.020801842 | I9: -0.07667679 | J9: -0.04550874 | K9: -0.11995435 | L9: -0.107113 | M9: -0.036382139 | N9: -0.045438886 | O9: -0.013883352 | P9: -0.08453644 | Q9: 0.05030489 | R9: -0.017526388 | S9: -0.12411207 | T9: -0.02384156 | U9: -0.04900998 | V9: 0.022120714 | W9: -0.037980497 | X9: -0.05312741 | Y9: -0.032283425 | Z9: -0.07801819 | AA9: -0.056120276 | AB9: -0.0741033 | AC9: -0.030176342 | AD9: -0.056327524 | AE9: -0.03701973 | AF9: -0.04176265 | AG9: -0.08664054 | AH9: -0.08648312 | AI9: -0.038659036
A10: 44505 | B10: 0.025383234 | C10: 0.065217376 | D10: 0.023468018 | E10: 0.066925287 | F10: 0.03375709 | G10: 0.10838377 | H10: -0.010428667 | I10: 0.057619214 | J10: 0.034145355 | K10: 0.029670954 | L10: -0.06435484 | M10: 0.021092653 | N10: 0.011539817 | O10: 0.019996047 | P10: 0.02577722 | Q10: 0.020319343 | R10: 0.0041618347 | S10: 0.060114503 | T10: 0.08703136 | U10: 0.062988043 | V10: 0.017172456 | W10: 0.017653584 | X10: 0.05173099 | Y10: 0.075671315 | Z10: 0.06639898 | AA10: 0.03806436 | AB10: 0.08365261 | AC10: 0.032963634 | AD10: 0.10823811 | AE10: 0.077328086 | AF10: 0.08021391 | AG10: 0.08363926 | AH10: 0.09916794 | AI10: 0.08011317
A11: 44536 | B11: 0.0263896 | C11: -0.052154183 | D11: -0.008917153 | E11: -0.03303033 | F11: -0.11577606 | G11: -0.035775185 | H11: -0.04605776 | I11: 0.033562303 | J11: -0.06180793 | K11: 0.0039007664 | L11: 0.008347273 | M11: -0.044825435 | N11: -0.049197855 | O11: -0.057011423 | P11: -0.052180347 | Q11: -0.024182081 | R11: -0.023385525 | S11: -0.15571552 | T11: 0.11392403 | U11: -0.02007836 | V11: -0.05804813 | W11: -0.08253116 | X11: -0.066969395 | Y11: -0.04538578 | Z11: -0.06921518 | AA11: -0.042069316 | AB11: -0.016892552 | AC11: -0.023859203 | AD11: -0.031108856 | AE11: -0.02078843 | AF11: -0.05297035 | AG11: -0.08697289 | AH11: -0.072217703 | AI11: -0.06137294
A12: 44567 | B12: -0.030514836 | C12: -0.02642876 | D12: -0.005446732 | E12: -0.022114396 | F12: 0.036920905 | G12: 0.11887884 | H12: 0.038785934 | I12: 0.039324522 | J12: 0.09795343 | K12: -0.03213799 | L12: -0.046203613 | M12: 0.030864835 | N12: 0.0061438084 | O12: 0.056189656 | P12: -0.041285515 | Q12: 0.01288271 | R12: 0.04082644 | S12: 0.04033923 | T12: -0.06493849 | U12: 0.07431555 | V12: 0.033068776 | W12: 0.014829397 | X12: 0.029719949 | Y12: 0.016957164 | Z12: 0.036582708 | AA12: 0.0087673664 | AB12: 0.034765244 | AC12: 0.05421412 | AD12: -0.004361272 | AE12: 0.02357316 | AF12: 0.049957514 | AG12: 0.014484406 | AH12: 0.04395056 | AI12: 0.04441166
A13: 44596 | B13: -0.04831833 | C13: 0.039340138 | D13: 0.005206108 | E13: 0.033129573 | F13: -0.026647925 | G13: 0.019721985 | H13: -0.0061025023 | I13: -0.037180781 | J13: -0.043211102 | K13: -0.03796792 | L13: 0.18341423 | M13: 0.057863474 | N13: 0.10814929 | O13: -0.029304802 | P13: 0.022615552 | Q13: 0.0808276 | R13: 0.012818813 | S13: -0.01904279 | T13: 0.020389318 | U13: -0.07807386 | V13: 0.070368648 | W13: -0.075303373 | X13: -0.05673468 | Y13: 0.009997368 | Z13: -0.031789243 | AA13: -0.042920947 | AB13: -0.056381583 | AC13: 0.01697433 | AD13: -0.067730784 | AE13: -0.041116357 | AF13: -0.022256315 | AG13: -0.05834353 | AH13: -0.078431425 | AI13: -0.015949428
A14: 44624 | B14: -0.0097063184 | C14: 0.09727311 | D14: 0.038843274 | E14: -0.0024905801 | F14: -0.22430355 | G14: 0.14806593 | H14: 0.051985264 | I14: -0.031172514 | J14: 0.016573429 | K14: -0.03754127 | L14: 0.08238638 | M14: 0.04367864 | N14: -0.16254293 | O14: -0.08550024 | P14: -0.1110577 | Q14: 0.06788337 | R14: -0.0014932156 | S14: -0.017313719 | T14: 0.10351086 | U14: -0.0040568113 | V14: 0.04449904 | W14: 0.040729046 | X14: 0.07183039 | Y14: 0.003907323 | Z14: -0.19043154 | AA14: -0.047337294 | AB14: -0.060159564 | AC14: -0.08023429 | AD14: -0.05784762 | AE14: -0.036839783 | AF14: -0.16457355 | AG14: -0.16269493 | AH14: -0.18723398 | AI14: -0.18715595
... A62: 46087 | B62: -0.010448992 | C62: -0.13063658 | D62: -0.073295536 | E62: -0.04638982 | F62: -0.06513709 | G62: -0.048213243 | H62: -0.034832537 | I62: 0.0029978752 | J62: -0.06948793 | K62: 0.022371888 | L62: -0.037140608 | M62: -0.05413258 | N62: -0.12808037 | O62: -0.061561527 | P62: -0.07767141 | Q62: -0.059428334 | R62: 0.041624546 | S62: -0.076395693 | T62: -0.12103081 | U62: -0.026899636 | V62: -0.06666672 | W62: -0.043067217 | X62: 0.008147359 | Y62: 0.027631402 | Z62: -0.06041807 | AA62: -0.04899335 | AB62: -0.029957175 | AC62: -0.018345416 | AD62: -0.00766021 | AE62: -0.021676123 | AF62: -0.049245653 | AG62: -0.05594063 | AH62: -0.020782113 | AI62: -0.057391586
A64: ETF | B64: =B1 -> CNYA | C64: =C1 -> ECH | D64: =D1 -> EIDO | E64: =E1 -> EPHE | F64: =F1 -> EPOL | G64: =G1 -> EPU | H64: =H1 -> EWM | I64: =I1 -> EWT | ... AI64: =AI1 -> EWI
A65: COUNTRY | B65: China | C65: Chile | D65: Indonesia | E65: Philippines | F65: Poland | G65: Peru | H65: Malaysia | I65: Taiwan | J65: Mexico | K65: Korea, Rep. | L65: Brazil | M65: South Africa | N65: Greece | O65: India | P65: China | Q65: Qatar | R65: Thailand | S65: Turkey | T65: United Arab Emirates | U65: Vietnam | V65: Saudi Arabia | W65: New Zealand | X65: Australia | Y65: Canada | Z65: Germany | AA65: Japan | AB65: Switzerland | AC65: United Kingdom | AD65: United States | AE65: United States | AF65: France | AG65: Netherlands | AH65: Sweden | AI65: Italy
A66: CATEGORY | B66: EMERGING | C66: EMERGING | D66: EMERGING | E66: EMERGING | F66: EMERGING | G66: EMERGING | H66: EMERGING | I66: EMERGING | J66: EMERGING | K66: EMERGING | L66: EMERGING | M66: EMERGING | N66: EMERGING | O66: EMERGING | P66: EMERGING | Q66: EMERGING | R66: EMERGING | S66: EMERGING | T66: EMERGING | U66: EMERGING | V66: EMERGING | W66: DEVELOPED | X66: DEVELOPED | Y66: DEVELOPED | Z66: DEVELOPED | AA66: DEVELOPED | AB66: DEVELOPED | AC66: DEVELOPED | AD66: DEVELOPED | AE66: DEVELOPED | AF66: DEVELOPED | AG66: DEVELOPED | AH66: DEVELOPED | AI66: DEVELOPED
A67: CURRENT_RETURNS | B67: =B62 -> -0.010448992 | C67: =C62 -> -0.13063658 | D67: =D62 -> -0.073295536 | E67: =E62 -> -0.04638982 | F67: =F62 -> -0.06513709 | G67: =G62 -> -0.048213243 | H67: =H62 -> -0.034832537 | I67: =I62 -> 0.0029978752 | ... AI67: =AI62 -> -0.057391586
A68: MEAN | B68: =AVERAGE(_xlfn.ANCHORARRAY(B2)) -> 0.00022001747 | C68: =AVERAGE(_xlfn.ANCHORARRAY(C2)) -> 0.010373861 | D68: =AVERAGE(_xlfn.ANCHORARRAY(D2)) -> -0.0025045021 | E68: =AVERAGE(_xlfn.ANCHORARRAY(E2)) -> -0.00078337787 | F68: =AVERAGE(_xlfn.ANCHORARRAY(F2)) -> 0.017129173 | G68: =AVERAGE(_xlfn.ANCHORARRAY(G2)) -> 0.020205948 | H68: =AVERAGE(_xlfn.ANCHORARRAY(H2)) -> 0.0047660217 | I68: =AVERAGE(_xlfn.ANCHORARRAY(I2)) -> 0.011296137 | ... AI68: =AVERAGE(_xlfn.ANCHORARRAY(AI2)) -> 0.014061904
A69: STD_DEV | B69: =STDEV(B40:B62) -> 0.10253685 | C69: =STDEV(C40:C62) -> 0.072381801 | D69: =STDEV(D40:D62) -> 0.063887119 | E69: =STDEV(E40:E62) -> 0.054235767 | F69: =STDEV(F40:F62) -> 0.070955053 | G69: =STDEV(G40:G62) -> 0.069054739 | H69: =STDEV(H40:H62) -> 0.042395569 | I69: =STDEV(I40:I62) -> 0.067385371 | ... AI69: =STDEV(AI40:AI62) -> 0.056178722
A70: 2_SIGMA | B70: =B69*2 -> 0.20507371 | C70: =C69*2 -> 0.1447636 | D70: =D69*2 -> 0.12777424 | E70: =E69*2 -> 0.10847153 | F70: =F69*2 -> 0.14191011 | G70: =G69*2 -> 0.13810948 | H70: =H69*2 -> 0.084791137 | I70: =I69*2 -> 0.13477074 | ... AI70: =AI69*2 -> 0.11235744
A71: CURRENT_PRICE | B71: =PRICE_DATA!B2 -> 35.04 | C71: =PRICE_DATA!C2 -> 39.33 | D71: =PRICE_DATA!D2 -> 16.31 | E71: =PRICE_DATA!E2 -> 25.49 | F71: =PRICE_DATA!F2 -> 35.45 | G71: =PRICE_DATA!G2 -> 83.9 | H71: =PRICE_DATA!H2 -> 28.54 | I71: =PRICE_DATA!I2 -> 70.26 | ... AI71: =PRICE_DATA!AI2 -> 53.05
A72: 200D AVG | B72: =PRICE_DATA!B204 -> 32.72785 | C72: =PRICE_DATA!C204 -> 35.910871 | D72: =PRICE_DATA!D204 -> 18.12194 | E72: =PRICE_DATA!E204 -> 26.023568 | F72: =PRICE_DATA!F204 -> 33.646269 | G72: =PRICE_DATA!G204 -> 63.159187 | H72: =PRICE_DATA!H204 -> 26.109055 | I72: =PRICE_DATA!I204 -> 62.935174 | ... AI72: =PRICE_DATA!AI204 -> 51.738806
A73: FILTER1 | B73: =IF(B67>B68+B70,1,0) -> 0 | C73: =IF(C67>C68+C70,1,0) -> 0 | D73: =IF(D67>D68+D70,1,0) -> 0 | E73: =IF(E67>E68+E70,1,0) -> 0 | F73: =IF(F67>F68+F70,1,0) -> 0 | G73: =IF(G67>G68+G70,1,0) -> 0 | H73: =IF(H67>H68+H70,1,0) -> 0 | I73: =IF(I67>I68+I70,1,0) -> 0 | ... AI73: =IF(AI67>AI68+AI70,1,0) -> 0
A74: FILTER2 | B74: =IF(B67<B68-B70,1,0) -> 0 | C74: =IF(C67<C68-C70,1,0) -> 0 | D74: =IF(D67<D68-D70,1,0) -> 0 | E74: =IF(E67<E68-E70,1,0) -> 0 | F74: =IF(F67<F68-F70,1,0) -> 0 | G74: =IF(G67<G68-G70,1,0) -> 0 | H74: =IF(H67<H68-H70,1,0) -> 0 | I74: =IF(I67<I68-I70,1,0) -> 0 | ... AI74: =IF(AI67<AI68-AI70,1,0) -> 0

Sheet PRICE_DATA
B1: CNYA | C1: ECH | D1: EIDO | E1: EPHE | F1: EPOL | G1: EPU | H1: EWM | I1: EWT | J1: EWW | K1: EWY | L1: EWZ | M1: EZA | N1: GREK | O1: INDA | P1: MCHI | Q1: QAT | R1: SET-BKK | S1: TUR | T1: UAE | U1: VNM | V1: KSA | W1: ENZL | X1: EWA | Y1: EWC | Z1: EWG | AA1: EWJ | AB1: EWL | AC1: EWU | AD1: QQQ | AE1: SPY | AF1: EWQ | AG1: EWN | AH1: EWD | AI1: EWI
A2: {=_xll.FDS(B1,"JULIAN(FG_PRICE(0,-200D).dates)")} -> 46087 | B2: {=_xll.FDS(B1,"FG_PRICE(0,-200D)")} -> 35.04 | C2: {=_xll.FDS(C1,"FG_PRICE(0,-200D)")} -> 39.33 | D2: {=_xll.FDS(D1,"FG_PRICE(0,-200D)")} -> 16.31 | E2: {=_xll.FDS(E1,"FG_PRICE(0,-200D)")} -> 25.49 | F2: {=_xll.FDS(F1,"FG_PRICE(0,-200D)")} -> 35.45 | G2: {=_xll.FDS(G1,"FG_PRICE(0,-200D)")} -> 83.9 | H2: {=_xll.FDS(H1,"FG_PRICE(0,-200D)")} -> 28.54 | I2: {=_xll.FDS(I1,"FG_PRICE(0,-200D)")} -> 70.26 | ... AI2: {=_xll.FDS(AI1,"FG_PRICE(0,-200D)")} -> 53.05
A3: 46086 | B3: 35.09 | C3: 38.97 | D3: 16.66 | E3: 26.13 | F3: 35.8 | G3: 84.72 | H3: 28.54 | I3: 70.4 | J3: 75.25 | K3: 125.74 | L3: 36.36 | M3: 71.42 | N3: 65.87 | O3: 50.37 | P3: 56.18 | Q3: 18.86 | R3: 1417.29 | S3: 38.73 | T3: 19.4 | U3: 18.02 | V3: 37.25 | W3: 46.06 | X3: 28.61 | Y3: 56.91 | Z3: 41.18 | AA3: 85.89 | AB3: 61.05 | AC3: 46.24 | AD3: 608.91 | AE3: 681.31 | AF3: 44.28 | AG3: 59.54 | AH3: 52.04 | AI3: 53.43
A4: 46085 | B4: 35.29 | C4: 40.31 | D4: 16.87 | E4: 26.39 | F4: 36.21 | G4: 88.67 | H4: 28.82 | I4: 71.62 | J4: 77.91 | K4: 134.37 | L4: 37.49 | M4: 74.34 | N4: 66.74 | O4: 50.27 | P4: 57.13 | Q4: 18.89 | R4: 1384.61 | S4: 38.96 | T4: 19.835 | U4: 18.3 | V4: 37.46 | W4: 46.58 | X4: 29.35 | Y4: 57.47 | Z4: 42.1 | AA4: 88.59 | AB4: 62.56 | AC4: 47.24 | AD4: 610.75 | AE4: 685.13 | AF4: 45.23 | AG4: 60.74 | AH4: 52.91 | AI4: 54.57
A5: 46084 | B5: 34.9 | C5: 39.57 | D5: 17.15 | E5: 26.64 | F5: 35.53 | G5: 87.55 | H5: 28.36 | I5: 71.29 | J5: 75.37 | K5: 132.34 | L5: 36.82 | M5: 73.56 | N5: 63.86 | O5: 50.22 | P5: 56.9 | Q5: 19.01 | R5: 1466.51 | S5: 38.78 | T5: 19.69 | U5: 18.12 | V5: 36.68 | W5: 46.05 | X5: 29.09 | Y5: 57.07 | Z5: 41.57 | AA5: 86.83 | AB5: 62.21 | AC5: 46.76 | AD5: 601.58 | AE5: 680.33 | AF5: 45.07 | AG5: 59.67 | AH5: 51.87 | AI5: 53.89
A6: 46083 | B6: 36.13 | C6: 41.56 | D6: 17.52 | E6: 26.91 | F6: 37.31 | G6: 93.38 | H6: 28.69 | I6: 75.07 | J6: 79.46 | K6: 147.54 | L6: 38.64 | M6: 79.9 | N6: 67.67 | O6: 50.95 | P6: 58.51 | Q6: 18.87 | R6: 1528.26 | S6: 39.59 | T6: 20.31 | U6: 18.63 | V6: 36.58 | W6: 47.1153 | X6: 29.93 | Y6: 58.16 | Z6: 42.91 | AA6: 90.2 | AB6: 63.59 | AC6: 48.12 | AD6: 608.09 | AE6: 686.38 | AF6: 46.57 | AG6: 61.33 | AH6: 53.17 | AI6: 55.95
A7: 46080 | B7: 36.15 | C7: 43.5 | D7: 17.82 | E7: 27.91 | F7: 38.13 | G7: 93.84 | H7: 29.22 | I7: 75.67 | J7: 80.94 | K7: 151.37 | L7: 38.73 | M7: 81.6 | N7: 70.68 | O7: 52.27 | P7: 59.06 | Q7: 19.46 | R7: 1533.64 | S7: 40.63 | T7: 21.35 | U7: 19.08 | V7: 37.17 | W7: 47.4776 | X7: 30.09 | Y7: 57.98 | Z7: 44.34 | AA7: 92.37 | AB7: 65.08 | AC7: 48.68 | AD7: 607.29 | AE7: 685.99 | AF7: 47.87 | AG7: 62.8 | AH7: 54.72 | AI7: 57.33
A8: 46079 | B8: 35.96 | C8: 44.34 | D8: 17.89 | E8: 28.15 | F8: 38.19 | G8: 93.46 | H8: 29.65 | I8: 76.14 | J8: 80.66 | K8: 150.41 | L8: 39.1 | M8: 80.76 | N8: 72.03 | O8: 52.58 | P8: 59.23 | Q8: 19.52 | R8: 1516.01 | S8: 41.23 | T8: 21.54 | U8: 19.16 | V8: 37.13 | W8: 47.225 | X8: 30.14 | Y8: 58.15 | Z8: 44.56 | AA8: 92.48 | AB8: 64.63 | AC8: 48.61 | AD8: 609.24 | AE8: 689.3 | AF8: 48.35 | AG8: 63.05 | AH8: 54.56 | AI8: 57.93
A9: 46078 | B9: 36.36 | C9: 44.73 | D9: 18.22 | E9: 28.37 | F9: 38.71 | G9: 93.37 | H9: 30.01 | I9: 77.06 | J9: 80.45 | K9: 148.89 | L9: 39.59 | M9: 80.27 | N9: 71.51 | O9: 52.74 | P9: 60.67 | Q9: 19.89 | R9: 1490.4 | S9: 41.19 | T9: 22 | U9: 19.085 | V9: 37.92 | W9: 47.1645 | X9: 30.16 | Y9: 57.59 | Z9: 44.35 | AA9: 92.44 | AB9: 64.85 | AC9: 48.66 | AD9: 616.68 | AE9: 693.15 | AF9: 48.02 | AG9: 63.77 | AH9: 54.13 | AI9: 57.61
A10: 46077 | B10: 35.94 | C10: 44.54 | D10: 17.95 | E10: 27.73 | F10: 37.95 | G10: 92.18 | H10: 30.02 | I10: 75.73 | J10: 80.37 | K10: 144.55 | L10: 39.47 | M10: 79.25 | N10: 70.34 | O10: 52.67 | P10: 60.43 | Q10: 19.99 | R10: 1480.24 | S10: 41.93 | T10: 22 | U10: 19.25 | V10: 38.18 | W10: 46.72 | X10: 29.58 | Y10: 57.15 | Z10: 43.95 | AA10: 91.23 | AB10: 64.82 | AC10: 47.98 | AD10: 607.87 | AE10: 687.35 | AF10: 47.62 | AG10: 63 | AH10: 54.01 | AI10: 56.94
A11: 46076 | B11: 35.85 | C11: 43.51 | D11: 18.11 | E11: 27.53 | F11: 38.1 | G11: 90.66 | H11: 30.01 | I11: 73.18 | J11: 79.54 | K11: 139.3 | L11: 38.77 | M11: 77.89 | N11: 71.04 | O11: 52.61 | P11: 60.76 | Q11: 19.92 | R11: 1479.71 | S11: 41.76 | T11: 21.96 | U11: 19.23 | V11: 38.3 | W11: 45.9335 | X11: 29.45 | Y11: 56.95 | Z11: 43.9 | AA11: 91.39 | AB11: 64.31 | AC11: 47.89 | AD11: 601.41 | AE11: 682.39 | AF11: 47.49 | AG11: 62.95 | AH11: 53.49 | AI11: 56.94
A12: 46073 | B12: 35.79 | C12: 43.58 | D12: 18.06 | E12: 27.16 | F12: 37.81 | G12: 89.66 | H12: 30.13 | I12: 74.38 | J12: 81.23 | K12: 141.88 | L12: 39.37 | M12: 77.25 | N12: 70.9 | O12: 53.42 | P12: 61.01 | Q12: 19.845 | R12: 1493.91 | S12: 41.65 | T12: 21.63 | U12: 19.285 | V12: 38.63 | W12: 45.8355 | X12: 29.7 | Y12: 57.16 | Z12: 44.32 | AA12: 91.47 | AB12: 64.38 | AC12: 48.04 | AD12: 608.81 | AE12: 689.43 | AF12: 47.68 | AG12: 63.18 | AH12: 54 | AI12: 56.81
A13: 46072 | B13: 35.622 | C13: 43.52 | D13: 17.83 | E13: 26.83 | F13: 37.65 | G13: 88.13 | H13: 29.82 | I13: 72.67 | J13: 79.94 | K13: 135.21 | L13: 38.61 | M13: 75.01 | N13: 71.04 | O13: 52.3 | P13: 60.72 | Q13: 19.8556 | R13: 1466.67 | S13: 41.26 | T13: 21.69 | U13: 18.76 | V13: 38.13 | W13: 46.0172 | X13: 29.37 | Y13: 56.75 | Z13: 43.88 | AA13: 91.2 | AB13: 64.16 | AC13: 47.68 | AD13: 603.47 | AE13: 684.48 | AF13: 46.91 | AG13: 62.66 | AH13: 53.4 | AI13: 55.89
A14: 46071 | B14: 35.8 | C14: 43.69 | D14: 17.87 | E14: 26.78 | F14: 37.73 | G14: 86.571 | H14: 29.67 | I14: 72.98 | J14: 80.15 | K14: 132.93 | L14: 38.03 | M14: 75.57 | N14: 72.89 | O14: 53.32 | P14: 60.95 | Q14: 20.115 | R14: 1459.68 | S14: 42.41 | T14: 22.23 | U14: 18.77 | V14: 39.12 | W14: 45.25 | X14: 29.31 | Y14: 56.46 | Z14: 44.12 | AA14: 91.38 | AB14: 64.26 | AC14: 47.88 | AD14: 605.79 | AE14: 686.29 | AF14: 47.03 | AG14: 62.94 | AH14: 53.5 | AI14: 56.32
... A202: 45796 | B202: 28.14 | C202: 32.96 | D202: 18.74 | E202: 27.9 | F202: 30.53 | G202: 45.16 | H202: 24.69 | I202: 53.82 | J202: 60.57 | K202: 58.82 | L202: 28.18 | M202: 51.08 | N202: 52.9 | O202: 54.78 | P202: 54.7 | Q202: 19.05 | R202: 1210.94 | S202: 32.49 | T202: 18.65 | U202: 12.865 | V202: 39.91 | W202: 45.15 | X202: 25.63 | Y202: 44.05 | Z202: 41.56 | AA202: 72.57 | AB202: 55.02 | AC202: 39.33 | AD202: 522.01 | AE202: 594.85 | AF202: 42.73 | AG202: 52.645 | AH202: 46.19 | AI202: 47.3
A204: AVG | B204: =AVERAGE(_xlfn.ANCHORARRAY(B2)) -> 32.72785 | C204: =AVERAGE(_xlfn.ANCHORARRAY(C2)) -> 35.910871 | D204: =AVERAGE(_xlfn.ANCHORARRAY(D2)) -> 18.12194 | E204: =AVERAGE(_xlfn.ANCHORARRAY(E2)) -> 26.023568 | F204: =AVERAGE(_xlfn.ANCHORARRAY(F2)) -> 33.646269 | G204: =AVERAGE(_xlfn.ANCHORARRAY(G2)) -> 63.159187 | H204: =AVERAGE(_xlfn.ANCHORARRAY(H2)) -> 26.109055 | I204: =AVERAGE(_xlfn.ANCHORARRAY(I2)) -> 62.935174 | ... AI204: =AVERAGE(_xlfn.ANCHORARRAY(AI2)) -> 51.738806
